link,title
http://help.remotepass.com/en/articles/6613369-perks-unlock-200-deals-and-discounts-on-your-favorite-tools-and-software,Perks: Unlock 200+ deals and discounts on your favorite tools and software!
http://help.remotepass.com/en/articles/10330355-how-to-integrate-with-okta,How to integrate with Okta
http://help.remotepass.com/en/articles/10021964-how-to-automate-reminders,How to Automate Reminders?
http://help.remotepass.com/en/articles/5661249-how-to-cancel-approved-time-off,How to cancel approved time off?
http://help.remotepass.com/en/articles/5598100-how-to-set-a-different-email-for-notifications,How to set a different email for notifications?
http://help.remotepass.com/en/articles/5584875-how-to-set-up-a-recurring-expense,How to set up a recurring expense?
http://help.remotepass.com/en/articles/5345166-how-to-duplicate-a-contract,How to duplicate a contract?
http://help.remotepass.com/en/articles/5241446-how-to-delete-an-equipment,How to delete an equipment?
http://help.remotepass.com/en/articles/5123228-how-to-approve-or-reject-an-expense,How to approve or reject an expense?
http://help.remotepass.com/en/articles/5241416-how-to-mark-your-equipment-as-returned,How to mark your equipment as returned?
http://help.remotepass.com/en/articles/5123137-what-are-the-various-types-of-user-roles-available,What are the various types of user roles available?
http://help.remotepass.com/en/articles/5241263-how-to-add-equipment-for-your-contractor,How to add equipment for your contractor?
http://help.remotepass.com/en/articles/5094089-how-to-set-an-approver-for-expenses-time-off-and-work-submissions,"How to set an approver for expenses, time-off and work submissions?"
http://help.remotepass.com/en/articles/5014219-how-to-change-the-contractor-label,How to change the Contractor label?
http://help.remotepass.com/en/articles/4756742-smart-contract-editor-to-edit-templates,Smart Contract Editor to edit templates
http://help.remotepass.com/en/articles/4531446-edit-a-pending-contract,Edit a pending contract
http://help.remotepass.com/en/articles/4611435-amend-an-active-contract,Amend an active contract
http://help.remotepass.com/en/articles/4361253-how-do-i-create-a-contract-using-a-remotepass-template,How do I create a contract using a RemotePass template?
http://help.remotepass.com/en/articles/7978768-how-to-add-an-annex-to-a-contract,How to add an Annex to a contract?
http://help.remotepass.com/en/articles/8405809-how-to-manage-time-off,How to manage Time Off?
http://help.remotepass.com/en/articles/8405797-how-to-add-company-logo-to-documents,How to add company logo to documents?
http://help.remotepass.com/en/articles/9015015-how-to-create-and-manage-custom-fields,How to Create and Manage Custom Fields?
http://help.remotepass.com/en/articles/9573740-default-time-off-time-off-policies,Default Time Off & Time Off Policies?
http://help.remotepass.com/en/articles/9892029-how-to-create-your-company-s-organization-chart,How to create your Company’s Organization chart
http://help.remotepass.com/en/articles/9965414-how-to-import-contracts-in-bulk,How to Import Contracts in Bulk?
http://help.remotepass.com/en/articles/9789829-end-of-service-calculation-uae,End of Service Calculation - UAE
http://help.remotepass.com/en/articles/10494388-how-to-onboard-direct-employees-in-the-uae,How to onboard Direct Employees in the UAE?
http://help.remotepass.com/en/articles/8531916-how-to-adjust-payroll-addition-or-deduction-for-an-eor-contract,How to adjust payroll (addition or deduction) for an EOR contract?
http://help.remotepass.com/en/articles/8532029-how-to-amend-a-job-title-or-salary-for-an-eor-contract,How to Amend a Job title or Salary for an EOR Contract?
http://help.remotepass.com/en/articles/5646162-how-to-onboard-full-time-eor-employees,How to onboard full-time (EOR) employees?
http://help.remotepass.com/en/articles/8579418-how-to-terminate-an-eor-employee,How to terminate an EOR Employee?
http://help.remotepass.com/en/articles/8579421-how-to-initiate-a-termination-request-for-an-eor-employee,How to initiate a Termination request for an EOR Employee?
http://help.remotepass.com/en/articles/6999169-how-to-setup-payroll-approval,How to setup Payroll Approval?
http://help.remotepass.com/en/articles/6232618-how-to-process-payments-for-full-time-employees-on-remotepass,How to process payments for full-time employees on RemotePass
http://help.remotepass.com/en/articles/5602817-how-to-manage-withholding-tax-for-your-remote-team,How to manage withholding tax for your remote team?
http://help.remotepass.com/en/articles/5262622-how-manage-multiple-entities-under-same-account,How manage multiple entities under same account?
http://help.remotepass.com/en/articles/5014150-how-to-apply-vat-to-a-contract,How to apply VAT to a contract?
http://help.remotepass.com/en/articles/4718983-how-to-take-in-charge-the-transfer-fee,How to take in-charge the transfer fee?
http://help.remotepass.com/en/articles/4539192-how-to-adjust-a-payment,How to adjust a payment?
http://help.remotepass.com/en/articles/4361281-how-do-i-pay-a-contractor,How do I pay a contractor?
http://help.remotepass.com/en/articles/4361282-how-does-mass-payment-work,How does Mass Payment work?
http://help.remotepass.com/en/articles/4361284-what-payment-methods-are-available-via-remotepass,What payment methods are available via RemotePass?
http://help.remotepass.com/en/articles/4361331-in-what-currency-can-i-pay-my-remote-team,In what currency can I pay my remote team?
http://help.remotepass.com/en/articles/4361334-what-kinds-of-payment-cycles-are-there,What kinds of payment cycles are there?
http://help.remotepass.com/en/articles/4361339-does-remotepass-provide-invoices-for-the-contracts,Does RemotePass provide invoices for the contracts?
http://help.remotepass.com/en/articles/4361341-how-long-does-it-take-to-create-an-invoice,How long does it take to create an invoice?
http://help.remotepass.com/en/articles/8106361-how-to-make-a-payment-with-wise,How to make a payment with Wise?
http://help.remotepass.com/en/articles/8405792-how-to-generate-reports,How to generate reports?
http://help.remotepass.com/en/articles/8769367-default-approvals-approval-flows,Default Approvals & Approval Flows?
http://help.remotepass.com/en/articles/9950950-how-to-adjust-payments-in-bulk,How to Adjust Payments in Bulk?
http://help.remotepass.com/en/articles/10214945-how-to-upload-my-transfer-receipts-on-remotepass,How to upload my transfer receipts on RemotePass
http://help.remotepass.com/en/articles/5258979-how-to-request-additional-documentation-from-your-contractor,How to request additional documentation from your contractor?
http://help.remotepass.com/en/articles/4361344-what-compliance-documents-do-i-need-to-submit,What compliance documents do I need to submit?
http://help.remotepass.com/en/articles/4361346-how-do-i-terminate-a-contract,How do I terminate a contract?
http://help.remotepass.com/en/articles/4361348-what-if-my-employees-don-t-submit-a-kyc,What if my employees don’t submit a KYC?
http://help.remotepass.com/en/articles/5568620-how-to-integrate-netsuite-with-remotepass,How to integrate NetSuite with RemotePass?
http://help.remotepass.com/en/articles/5472316-how-to-integrate-xero-to-remotepass,How to integrate Xero to RemotePass?
http://help.remotepass.com/en/articles/5591011-how-to-integrate-bamboohr-with-remotepass,How to integrate BambooHR with RemotePass?
http://help.remotepass.com/en/articles/5559440-how-to-integrate-freshbooks-with-remotepass,How to integrate Freshbooks with RemotePass?
http://help.remotepass.com/en/articles/5559450-how-to-integrate-zoho-with-remotepass,How to integrate Zoho with RemotePass?
http://help.remotepass.com/en/articles/5559399-how-to-integrate-quickbooks-with-remotepass,How to integrate Quickbooks with RemotePass?
http://help.remotepass.com/en/articles/9330637-how-to-run-a-background-check-for-contractors-and-employees,How to Run a Background Check for Contractors and Employees
http://help.remotepass.com/en/articles/9795083-how-to-receive-notifications-and-approve-items-through-slack,How to Receive Notifications and Approve Items through Slack
http://help.remotepass.com/en/articles/4877696-how-do-i-change-my-contractor-type-from-individual-to-entity,How do I change my contractor type from Individual to Entity?
http://help.remotepass.com/en/articles/4361349-how-do-i-sign-a-contract,How do I sign a contract?
http://help.remotepass.com/en/articles/5267932-how-to-submit-timesheets-for-payg-contracts,How to submit timesheets for PAYG contracts?
http://help.remotepass.com/en/articles/9367267-how-to-submit-milestones-for-milestone-contracts,How to submit Milestones for Milestone contracts?
http://help.remotepass.com/en/articles/6436265-usd-transfers-to-a-usd-bank-account-outside-of-the-united-states,USD transfers to a USD bank account outside of the United States
http://help.remotepass.com/en/articles/5049748-how-to-submit-an-expense,How to submit an expense?
http://help.remotepass.com/en/articles/4877786-how-to-add-a-bank-account-to-receive-payments,How to add a bank account to receive payments?
http://help.remotepass.com/en/articles/4361350-how-do-i-withdraw-money-from-remotepass,How do I withdraw money from RemotePass?
http://help.remotepass.com/en/articles/4361351-what-withdrawal-methods-are-available-on-remotepass,What withdrawal methods are available on RemotePass?
http://help.remotepass.com/en/articles/4361354-how-long-does-it-take-for-the-withdrawal,How long does it take for the withdrawal?
http://help.remotepass.com/en/articles/4361352-what-currencies-can-i-withdraw-in,What currencies can I withdraw in?
http://help.remotepass.com/en/articles/4546779-how-to-activate-auto-withdraw,How to activate auto-withdraw?
http://help.remotepass.com/en/articles/4361360-can-i-split-my-balance-upon-withdrawal,Can I split my balance upon withdrawal?
http://help.remotepass.com/en/articles/7876845-what-are-additional-checks,What are additional checks?
http://help.remotepass.com/en/articles/7876833-how-long-does-it-take-to-receive-a-transfer,How long does it take to receive a transfer?
http://help.remotepass.com/en/articles/8017140-what-is-instant-card-payout,What is Instant Card Payout?
http://help.remotepass.com/en/articles/8560628-eur-transfers-to-eur-bank-accounts-outside-of-europe,EUR transfers to EUR bank accounts outside of Europe
http://help.remotepass.com/en/articles/8894204-what-do-the-different-payment-statuses-mean,What do the different Payment Statuses mean?
http://help.remotepass.com/en/articles/5905075-how-to-complete-manual-kyc-verification-on-remotepass,How to complete manual KYC verification on RemotePass?
http://help.remotepass.com/en/articles/4361347-what-is-a-kyc,What is a KYC?
http://help.remotepass.com/en/articles/5267894-how-to-complete-the-kyc-process,How to complete the KYC process?
http://help.remotepass.com/en/articles/5094128-how-to-upload-my-own-invoice,How to upload my own invoice?
http://help.remotepass.com/en/articles/4546879-how-do-i-generate-an-invoice,How do I generate an invoice?
http://help.remotepass.com/en/articles/6173378-email-template-for-introducing-remotepass-to-a-full-time-employee,Email template for introducing RemotePass to a **full-time employee**
http://help.remotepass.com/en/articles/6028091-how-to-enable-two-factor-authentication,How to enable two-factor authentication?
http://help.remotepass.com/en/articles/4472311-email-template-for-introducing-remotepass-to-an-existing-team-member,Email template for introducing RemotePass to an **Existing team member**
http://help.remotepass.com/en/articles/4480276-email-template-for-introducing-remotepass-to-a-new-team-members,Email template for introducing RemotePass to a **New team members**
http://help.remotepass.com/en/articles/8684368-does-the-remotepass-card-support-google-pay,Does the Remotepass Card support Google Pay?
http://help.remotepass.com/en/articles/8684236-does-the-remotepass-card-support-apple-pay,Does the Remotepass Card support Apple Pay?
http://help.remotepass.com/en/articles/6811792-what-is-the-remotepass-card,What is the RemotePass Card?
http://help.remotepass.com/en/articles/6970118-how-much-does-remotepass-card-cost,How much does RemotePass card cost?
http://help.remotepass.com/en/articles/7228327-how-can-i-reset-the-pin-for-my-physical-card,How can I reset the PIN for my physical card?
http://help.remotepass.com/en/articles/6811802-who-is-the-issuer-of-the-remotepass-card,Who is the issuer of the RemotePass Card?
http://help.remotepass.com/en/articles/6811810-where-are-my-funds-held,Where are my funds held?
http://help.remotepass.com/en/articles/6811817-am-i-eligible-for-the-remotepass-card,Am I eligible for the RemotePass card?
http://help.remotepass.com/en/articles/6811832-what-kind-of-transactions-will-i-be-able-to-make,What kind of transactions will I be able to make?
http://help.remotepass.com/en/articles/6811818-is-it-a-debit-or-a-credit-card,Is it a debit or a credit card?
http://help.remotepass.com/en/articles/7233496-what-are-the-restricted-merchant-categories-to-be-used-by-the-card,What are the restricted merchant categories to be used by the Card?
http://help.remotepass.com/en/collections/3758465-order-and-manage-your-card,Order and manage your card
http://help.remotepass.com/en/articles/6811856-how-do-i-request-my-remotepass-card,How do I request my RemotePass Card?
http://help.remotepass.com/en/articles/6811860-what-is-the-verification-process-and-how-long-does-it-take,What is the verification process and how long does it take?
http://help.remotepass.com/en/articles/7228298-how-to-activate-your-physical-card,How to activate your physical card?
http://help.remotepass.com/en/articles/6811873-how-can-i-top-up-and-offload-my-remotepass-card,How can I top up and offload my RemotePass Card?
http://help.remotepass.com/en/articles/7228266-how-to-request-a-physical-card,How to request a physical card?
http://help.remotepass.com/en/articles/6811868-what-are-the-limits,What are the limits?
http://help.remotepass.com/en/articles/6811887-can-i-terminate-or-freeze-my-remotepass-card,Can I terminate or freeze my RemotePass Card?
http://help.remotepass.com/en/articles/6811890-why-was-a-transaction-declined,Why was a transaction declined?
http://help.remotepass.com/en/articles/6811894-where-can-i-see-my-transaction-history,Where can I see my transaction history?
http://help.remotepass.com/en/articles/6811897-is-3d-secure-enabled-for-my-card,Is 3D Secure enabled for my card?
http://help.remotepass.com/en/articles/8287175-how-to-earn-cashback,How to earn cashback?